group,sheet,cell,formula,cached_available,cached_value,source,result
fbs2_source,. F.BS2.01,G35,,False,,0143F_FBS2_DEPTH,OK
fbs2_source,. F.BS2.01,G36,,False,,0143F_FBS2_DEPTH,OK
fbs2_source,. F.BS2.01,G37,,False,,0143F_FBS2_DEPTH,OK
fbs2_source,. F.BS2.01,G38,,False,,0143F_FBS2_DEPTH,OK
fbs2_source,. F.BS2.01,G39,,False,,0143F_FBS2_DEPTH,OK
fbs2_source,. F.BS2.01,G40,,False,,0143F_FBS2_DEPTH,OK
fbs2_source,. F.BS2.01,G41,,False,,0143F_FBS2_DEPTH,OK
fbs2_source,. F.BS2.01,G42,,False,,0143F_FBS2_DEPTH,OK
fbs2_source,. F.BS2.01,G43,,False,,0143F_FBS2_DEPTH,OK
fbs2_source,. F.BS2.01,G44,,False,,0143F_FBS2_DEPTH,OK
fbs2_source,. F.BS2.01,G45,,False,,0143F_FBS2_DEPTH,OK
fbs2_source,. F.BS2.01,G46,,False,,0143F_FBS2_DEPTH,OK
fbs2_source,. F.BS2.01,G47,,False,,0143F_FBS2_DEPTH,OK
fbs2_source,. F.BS2.01,G48,,False,,0143F_FBS2_DEPTH,OK
fbs2_source,. F.BS2.01,G49,,False,,0143F_FBS2_DEPTH,OK
fbs2_source,. F.BS2.01,G50,,False,,0143F_FBS2_DEPTH,OK
fbs2_source,. F.BS2.01,G51,,False,,0143F_FBS2_DEPTH,OK
fbs2_source,. F.BS2.01,G52,,False,,0143F_FBS2_DEPTH,OK
fbs2_source,. F.BS2.01,G53,,False,,0143F_FBS2_DEPTH,OK
fbs2_source,. F.BS2.01,G54,=SUM(G35:G52),True,0,0143F_FBS2_DEPTH,OK
fbs2_source,. F.BS2.01,H35,,False,,0143F_FBS2_DEPTH,OK
fbs2_source,. F.BS2.01,H36,,False,,0143F_FBS2_DEPTH,OK
fbs2_source,. F.BS2.01,H37,,False,,0143F_FBS2_DEPTH,OK
fbs2_source,. F.BS2.01,H38,,False,,0143F_FBS2_DEPTH,OK
fbs2_source,. F.BS2.01,H39,,False,,0143F_FBS2_DEPTH,OK
fbs2_source,. F.BS2.01,H40,,False,,0143F_FBS2_DEPTH,OK
fbs2_source,. F.BS2.01,H41,297.0443102116981,True,297.0443102116981,0143F_FBS2_DEPTH,OK
fbs2_source,. F.BS2.01,H42,,False,,0143F_FBS2_DEPTH,OK
fbs2_source,. F.BS2.01,H43,,False,,0143F_FBS2_DEPTH,OK
fbs2_source,. F.BS2.01,H44,,False,,0143F_FBS2_DEPTH,OK
fbs2_source,. F.BS2.01,H45,,False,,0143F_FBS2_DEPTH,OK
fbs2_source,. F.BS2.01,H46,,False,,0143F_FBS2_DEPTH,OK
fbs2_source,. F.BS2.01,H47,,False,,0143F_FBS2_DEPTH,OK
fbs2_source,. F.BS2.01,H48,,False,,0143F_FBS2_DEPTH,OK
fbs2_source,. F.BS2.01,H49,,False,,0143F_FBS2_DEPTH,OK
fbs2_source,. F.BS2.01,H50,,False,,0143F_FBS2_DEPTH,OK
fbs2_source,. F.BS2.01,H51,,False,,0143F_FBS2_DEPTH,OK
fbs2_source,. F.BS2.01,H52,,False,,0143F_FBS2_DEPTH,OK
fbs2_source,. F.BS2.01,H53,,False,,0143F_FBS2_DEPTH,OK
fbs2_source,. F.BS2.01,H54,=SUM(H35:H52),True,297.0443102116981,0143F_FBS2_DEPTH,OK
fbs2_source,. F.BS2.01,I35,,False,,0143F_FBS2_DEPTH,OK
fbs2_source,. F.BS2.01,I36,,False,,0143F_FBS2_DEPTH,OK
fbs2_source,. F.BS2.01,I37,,False,,0143F_FBS2_DEPTH,OK
fbs2_source,. F.BS2.01,I38,,False,,0143F_FBS2_DEPTH,OK
fbs2_source,. F.BS2.01,I39,,False,,0143F_FBS2_DEPTH,OK
fbs2_source,. F.BS2.01,I40,,False,,0143F_FBS2_DEPTH,OK
fbs2_source,. F.BS2.01,I41,,False,,0143F_FBS2_DEPTH,OK
fbs2_source,. F.BS2.01,I42,,False,,0143F_FBS2_DEPTH,OK
fbs2_source,. F.BS2.01,I43,,False,,0143F_FBS2_DEPTH,OK
fbs2_source,. F.BS2.01,I44,,False,,0143F_FBS2_DEPTH,OK
fbs2_source,. F.BS2.01,I45,,False,,0143F_FBS2_DEPTH,OK
fbs2_source,. F.BS2.01,I46,,False,,0143F_FBS2_DEPTH,OK
fbs2_source,. F.BS2.01,I47,,False,,0143F_FBS2_DEPTH,OK
fbs2_source,. F.BS2.01,I48,,False,,0143F_FBS2_DEPTH,OK
fbs2_source,. F.BS2.01,I49,,False,,0143F_FBS2_DEPTH,OK
fbs2_source,. F.BS2.01,I50,,False,,0143F_FBS2_DEPTH,OK
fbs2_source,. F.BS2.01,I51,,False,,0143F_FBS2_DEPTH,OK
fbs2_source,. F.BS2.01,I52,,False,,0143F_FBS2_DEPTH,OK
fbs2_source,. F.BS2.01,I53,,False,,0143F_FBS2_DEPTH,OK
fbs2_source,. F.BS2.01,I54,=SUM(I35:I52),True,0,0143F_FBS2_DEPTH,OK
fbs2_source,. F.BS2.01,J35,,False,,0143F_FBS2_DEPTH,OK
fbs2_source,. F.BS2.01,J36,,False,,0143F_FBS2_DEPTH,OK
fbs2_source,. F.BS2.01,J37,,False,,0143F_FBS2_DEPTH,OK
fbs2_source,. F.BS2.01,J38,,False,,0143F_FBS2_DEPTH,OK
fbs2_source,. F.BS2.01,J39,,False,,0143F_FBS2_DEPTH,OK
fbs2_source,. F.BS2.01,J40,,False,,0143F_FBS2_DEPTH,OK
fbs2_source,. F.BS2.01,J41,,False,,0143F_FBS2_DEPTH,OK
fbs2_source,. F.BS2.01,J42,,False,,0143F_FBS2_DEPTH,OK
fbs2_source,. F.BS2.01,J43,,False,,0143F_FBS2_DEPTH,OK
fbs2_source,. F.BS2.01,J44,,False,,0143F_FBS2_DEPTH,OK
fbs2_source,. F.BS2.01,J45,,False,,0143F_FBS2_DEPTH,OK
fbs2_source,. F.BS2.01,J46,,False,,0143F_FBS2_DEPTH,OK
fbs2_source,. F.BS2.01,J47,,False,,0143F_FBS2_DEPTH,OK
fbs2_source,. F.BS2.01,J48,,False,,0143F_FBS2_DEPTH,OK
fbs2_source,. F.BS2.01,J49,,False,,0143F_FBS2_DEPTH,OK
fbs2_source,. F.BS2.01,J50,,False,,0143F_FBS2_DEPTH,OK
fbs2_source,. F.BS2.01,J51,,False,,0143F_FBS2_DEPTH,OK
fbs2_source,. F.BS2.01,J52,,False,,0143F_FBS2_DEPTH,OK
fbs2_source,. F.BS2.01,J53,,False,,0143F_FBS2_DEPTH,OK
fbs2_source,. F.BS2.01,J54,=SUM(J35:J52),True,0,0143F_FBS2_DEPTH,OK
fbs2_source,. F.BS2.01,K35,,False,,0143F_FBS2_DEPTH,OK
fbs2_source,. F.BS2.01,K36,,False,,0143F_FBS2_DEPTH,OK
fbs2_source,. F.BS2.01,K37,,False,,0143F_FBS2_DEPTH,OK
fbs2_source,. F.BS2.01,K38,,False,,0143F_FBS2_DEPTH,OK
fbs2_source,. F.BS2.01,K39,,False,,0143F_FBS2_DEPTH,OK
fbs2_source,. F.BS2.01,K40,,False,,0143F_FBS2_DEPTH,OK
fbs2_source,. F.BS2.01,K41,,False,,0143F_FBS2_DEPTH,OK
fbs2_source,. F.BS2.01,K42,,False,,0143F_FBS2_DEPTH,OK
fbs2_source,. F.BS2.01,K43,,False,,0143F_FBS2_DEPTH,OK
fbs2_source,. F.BS2.01,K44,,False,,0143F_FBS2_DEPTH,OK
fbs2_source,. F.BS2.01,K45,,False,,0143F_FBS2_DEPTH,OK
fbs2_source,. F.BS2.01,K46,,False,,0143F_FBS2_DEPTH,OK
fbs2_source,. F.BS2.01,K47,,False,,0143F_FBS2_DEPTH,OK
fbs2_source,. F.BS2.01,K48,,False,,0143F_FBS2_DEPTH,OK
fbs2_source,. F.BS2.01,K49,,False,,0143F_FBS2_DEPTH,OK
fbs2_source,. F.BS2.01,K50,,False,,0143F_FBS2_DEPTH,OK
fbs2_source,. F.BS2.01,K51,,False,,0143F_FBS2_DEPTH,OK
fbs2_source,. F.BS2.01,K52,,False,,0143F_FBS2_DEPTH,OK
fbs2_source,. F.BS2.01,K53,,False,,0143F_FBS2_DEPTH,OK
fbs2_source,. F.BS2.01,K54,=SUM(K35:K52),True,0,0143F_FBS2_DEPTH,OK
fbs2_source,. F.BS2.01,L35,,False,,0143F_FBS2_DEPTH,OK
fbs2_source,. F.BS2.01,L36,,False,,0143F_FBS2_DEPTH,OK
fbs2_source,. F.BS2.01,L37,,False,,0143F_FBS2_DEPTH,OK
fbs2_source,. F.BS2.01,L38,,False,,0143F_FBS2_DEPTH,OK
fbs2_source,. F.BS2.01,L39,,False,,0143F_FBS2_DEPTH,OK
fbs2_source,. F.BS2.01,L40,,False,,0143F_FBS2_DEPTH,OK
fbs2_source,. F.BS2.01,L41,,False,,0143F_FBS2_DEPTH,OK
fbs2_source,. F.BS2.01,L42,,False,,0143F_FBS2_DEPTH,OK
fbs2_source,. F.BS2.01,L43,,False,,0143F_FBS2_DEPTH,OK
fbs2_source,. F.BS2.01,L44,,False,,0143F_FBS2_DEPTH,OK
fbs2_source,. F.BS2.01,L45,,False,,0143F_FBS2_DEPTH,OK
fbs2_source,. F.BS2.01,L46,,False,,0143F_FBS2_DEPTH,OK
fbs2_source,. F.BS2.01,L47,,False,,0143F_FBS2_DEPTH,OK
fbs2_source,. F.BS2.01,L48,,False,,0143F_FBS2_DEPTH,OK
fbs2_source,. F.BS2.01,L49,,False,,0143F_FBS2_DEPTH,OK
fbs2_source,. F.BS2.01,L50,,False,,0143F_FBS2_DEPTH,OK
fbs2_source,. F.BS2.01,L51,,False,,0143F_FBS2_DEPTH,OK
fbs2_source,. F.BS2.01,L52,,False,,0143F_FBS2_DEPTH,OK
fbs2_source,. F.BS2.01,L53,,False,,0143F_FBS2_DEPTH,OK
fbs2_source,. F.BS2.01,L54,=SUM(L35:L52),True,0,0143F_FBS2_DEPTH,OK
fbs2_source,. F.BS2.01,M35,,False,,0143F_FBS2_DEPTH,OK
fbs2_source,. F.BS2.01,M36,,False,,0143F_FBS2_DEPTH,OK
fbs2_source,. F.BS2.01,M37,,False,,0143F_FBS2_DEPTH,OK
fbs2_source,. F.BS2.01,M38,,False,,0143F_FBS2_DEPTH,OK
fbs2_source,. F.BS2.01,M39,,False,,0143F_FBS2_DEPTH,OK
fbs2_source,. F.BS2.01,M40,,False,,0143F_FBS2_DEPTH,OK
fbs2_source,. F.BS2.01,M41,,False,,0143F_FBS2_DEPTH,OK
fbs2_source,. F.BS2.01,M42,,False,,0143F_FBS2_DEPTH,OK
fbs2_source,. F.BS2.01,M43,,False,,0143F_FBS2_DEPTH,OK
fbs2_source,. F.BS2.01,M44,,False,,0143F_FBS2_DEPTH,OK
fbs2_source,. F.BS2.01,M45,,False,,0143F_FBS2_DEPTH,OK
fbs2_source,. F.BS2.01,M46,,False,,0143F_FBS2_DEPTH,OK
fbs2_source,. F.BS2.01,M47,,False,,0143F_FBS2_DEPTH,OK
fbs2_source,. F.BS2.01,M48,,False,,0143F_FBS2_DEPTH,OK
fbs2_source,. F.BS2.01,M49,,False,,0143F_FBS2_DEPTH,OK
fbs2_source,. F.BS2.01,M50,,False,,0143F_FBS2_DEPTH,OK
fbs2_source,. F.BS2.01,M51,,False,,0143F_FBS2_DEPTH,OK
fbs2_source,. F.BS2.01,M52,,False,,0143F_FBS2_DEPTH,OK
fbs2_source,. F.BS2.01,M53,,False,,0143F_FBS2_DEPTH,OK
fbs2_source,. F.BS2.01,M54,=SUM(M35:M52),True,0,0143F_FBS2_DEPTH,OK
fbs2_source,. F.BS2.01,N35,,False,,0143F_FBS2_DEPTH,OK
fbs2_source,. F.BS2.01,N36,,False,,0143F_FBS2_DEPTH,OK
fbs2_source,. F.BS2.01,N37,,False,,0143F_FBS2_DEPTH,OK
fbs2_source,. F.BS2.01,N38,,False,,0143F_FBS2_DEPTH,OK
fbs2_source,. F.BS2.01,N39,,False,,0143F_FBS2_DEPTH,OK
fbs2_source,. F.BS2.01,N40,,False,,0143F_FBS2_DEPTH,OK
fbs2_source,. F.BS2.01,N41,,False,,0143F_FBS2_DEPTH,OK
fbs2_source,. F.BS2.01,N42,,False,,0143F_FBS2_DEPTH,OK
fbs2_source,. F.BS2.01,N43,,False,,0143F_FBS2_DEPTH,OK
fbs2_source,. F.BS2.01,N44,,False,,0143F_FBS2_DEPTH,OK
fbs2_source,. F.BS2.01,N45,,False,,0143F_FBS2_DEPTH,OK
fbs2_source,. F.BS2.01,N46,,False,,0143F_FBS2_DEPTH,OK
fbs2_source,. F.BS2.01,N47,,False,,0143F_FBS2_DEPTH,OK
fbs2_source,. F.BS2.01,N48,,False,,0143F_FBS2_DEPTH,OK
fbs2_source,. F.BS2.01,N49,,False,,0143F_FBS2_DEPTH,OK
fbs2_source,. F.BS2.01,N50,,False,,0143F_FBS2_DEPTH,OK
fbs2_source,. F.BS2.01,N51,,False,,0143F_FBS2_DEPTH,OK
fbs2_source,. F.BS2.01,N52,,False,,0143F_FBS2_DEPTH,OK
fbs2_source,. F.BS2.01,N53,,False,,0143F_FBS2_DEPTH,OK
fbs2_source,. F.BS2.01,N54,=SUM(N35:N52),True,0,0143F_FBS2_DEPTH,OK
fbs2_source,. F.BS2.01,O35,,False,,0143F_FBS2_DEPTH,OK
fbs2_source,. F.BS2.01,O36,,False,,0143F_FBS2_DEPTH,OK
fbs2_source,. F.BS2.01,O37,,False,,0143F_FBS2_DEPTH,OK
fbs2_source,. F.BS2.01,O38,,False,,0143F_FBS2_DEPTH,OK
fbs2_source,. F.BS2.01,O39,,False,,0143F_FBS2_DEPTH,OK
fbs2_source,. F.BS2.01,O40,,False,,0143F_FBS2_DEPTH,OK
fbs2_source,. F.BS2.01,O41,,False,,0143F_FBS2_DEPTH,OK
fbs2_source,. F.BS2.01,O42,,False,,0143F_FBS2_DEPTH,OK
fbs2_source,. F.BS2.01,O43,,False,,0143F_FBS2_DEPTH,OK
fbs2_source,. F.BS2.01,O44,,False,,0143F_FBS2_DEPTH,OK
fbs2_source,. F.BS2.01,O45,,False,,0143F_FBS2_DEPTH,OK
fbs2_source,. F.BS2.01,O46,,False,,0143F_FBS2_DEPTH,OK
fbs2_source,. F.BS2.01,O47,,False,,0143F_FBS2_DEPTH,OK
fbs2_source,. F.BS2.01,O48,,False,,0143F_FBS2_DEPTH,OK
fbs2_source,. F.BS2.01,O49,,False,,0143F_FBS2_DEPTH,OK
fbs2_source,. F.BS2.01,O50,,False,,0143F_FBS2_DEPTH,OK
fbs2_source,. F.BS2.01,O51,,False,,0143F_FBS2_DEPTH,OK
fbs2_source,. F.BS2.01,O52,,False,,0143F_FBS2_DEPTH,OK
fbs2_source,. F.BS2.01,O53,,False,,0143F_FBS2_DEPTH,OK
fbs2_source,. F.BS2.01,O54,=SUM(O35:O52),True,0,0143F_FBS2_DEPTH,OK
fbs2_source,. F.BS2.01,P35,,False,,0143F_FBS2_DEPTH,OK
fbs2_source,. F.BS2.01,P36,,False,,0143F_FBS2_DEPTH,OK
fbs2_source,. F.BS2.01,P37,,False,,0143F_FBS2_DEPTH,OK
fbs2_source,. F.BS2.01,P38,,False,,0143F_FBS2_DEPTH,OK
fbs2_source,. F.BS2.01,P39,,False,,0143F_FBS2_DEPTH,OK
fbs2_source,. F.BS2.01,P40,,False,,0143F_FBS2_DEPTH,OK
fbs2_source,. F.BS2.01,P41,,False,,0143F_FBS2_DEPTH,OK
fbs2_source,. F.BS2.01,P42,,False,,0143F_FBS2_DEPTH,OK
fbs2_source,. F.BS2.01,P43,,False,,0143F_FBS2_DEPTH,OK
fbs2_source,. F.BS2.01,P44,,False,,0143F_FBS2_DEPTH,OK
fbs2_source,. F.BS2.01,P45,,False,,0143F_FBS2_DEPTH,OK
fbs2_source,. F.BS2.01,P46,,False,,0143F_FBS2_DEPTH,OK
fbs2_source,. F.BS2.01,P47,,False,,0143F_FBS2_DEPTH,OK
fbs2_source,. F.BS2.01,P48,,False,,0143F_FBS2_DEPTH,OK
fbs2_source,. F.BS2.01,P49,,False,,0143F_FBS2_DEPTH,OK
fbs2_source,. F.BS2.01,P50,,False,,0143F_FBS2_DEPTH,OK
fbs2_source,. F.BS2.01,P51,,False,,0143F_FBS2_DEPTH,OK
fbs2_source,. F.BS2.01,P52,,False,,0143F_FBS2_DEPTH,OK
fbs2_source,. F.BS2.01,P53,,False,,0143F_FBS2_DEPTH,OK
fbs2_source,. F.BS2.01,P54,=SUM(P35:P52),True,0,0143F_FBS2_DEPTH,OK
fbs2_source,. F.BS2.01,Q35,,False,,0143F_FBS2_DEPTH,OK
fbs2_source,. F.BS2.01,Q36,,False,,0143F_FBS2_DEPTH,OK
fbs2_source,. F.BS2.01,Q37,,False,,0143F_FBS2_DEPTH,OK
fbs2_source,. F.BS2.01,Q38,,False,,0143F_FBS2_DEPTH,OK
fbs2_source,. F.BS2.01,Q39,,False,,0143F_FBS2_DEPTH,OK
fbs2_source,. F.BS2.01,Q40,,False,,0143F_FBS2_DEPTH,OK
fbs2_source,. F.BS2.01,Q41,,False,,0143F_FBS2_DEPTH,OK
fbs2_source,. F.BS2.01,Q42,,False,,0143F_FBS2_DEPTH,OK
fbs2_source,. F.BS2.01,Q43,,False,,0143F_FBS2_DEPTH,OK
fbs2_source,. F.BS2.01,Q44,,False,,0143F_FBS2_DEPTH,OK
fbs2_source,. F.BS2.01,Q45,,False,,0143F_FBS2_DEPTH,OK
fbs2_source,. F.BS2.01,Q46,,False,,0143F_FBS2_DEPTH,OK
fbs2_source,. F.BS2.01,Q47,,False,,0143F_FBS2_DEPTH,OK
fbs2_source,. F.BS2.01,Q48,,False,,0143F_FBS2_DEPTH,OK
fbs2_source,. F.BS2.01,Q49,,False,,0143F_FBS2_DEPTH,OK
fbs2_source,. F.BS2.01,Q50,,False,,0143F_FBS2_DEPTH,OK
fbs2_source,. F.BS2.01,Q51,,False,,0143F_FBS2_DEPTH,OK
fbs2_source,. F.BS2.01,Q52,,False,,0143F_FBS2_DEPTH,OK
fbs2_source,. F.BS2.01,Q53,,False,,0143F_FBS2_DEPTH,OK
fbs2_source,. F.BS2.01,Q54,=SUM(Q35:Q52),True,0,0143F_FBS2_DEPTH,OK
fbs2_source,. F.BS2.01,R35,,False,,0143F_FBS2_DEPTH,OK
fbs2_source,. F.BS2.01,R36,,False,,0143F_FBS2_DEPTH,OK
fbs2_source,. F.BS2.01,R37,,False,,0143F_FBS2_DEPTH,OK
fbs2_source,. F.BS2.01,R38,,False,,0143F_FBS2_DEPTH,OK
fbs2_source,. F.BS2.01,R39,,False,,0143F_FBS2_DEPTH,OK
fbs2_source,. F.BS2.01,R40,,False,,0143F_FBS2_DEPTH,OK
fbs2_source,. F.BS2.01,R41,,False,,0143F_FBS2_DEPTH,OK
fbs2_source,. F.BS2.01,R42,,False,,0143F_FBS2_DEPTH,OK
fbs2_source,. F.BS2.01,R43,,False,,0143F_FBS2_DEPTH,OK
fbs2_source,. F.BS2.01,R44,,False,,0143F_FBS2_DEPTH,OK
fbs2_source,. F.BS2.01,R45,,False,,0143F_FBS2_DEPTH,OK
fbs2_source,. F.BS2.01,R46,,False,,0143F_FBS2_DEPTH,OK
fbs2_source,. F.BS2.01,R47,,False,,0143F_FBS2_DEPTH,OK
fbs2_source,. F.BS2.01,R48,,False,,0143F_FBS2_DEPTH,OK
fbs2_source,. F.BS2.01,R49,,False,,0143F_FBS2_DEPTH,OK
fbs2_source,. F.BS2.01,R50,,False,,0143F_FBS2_DEPTH,OK
fbs2_source,. F.BS2.01,R51,,False,,0143F_FBS2_DEPTH,OK
fbs2_source,. F.BS2.01,R52,,False,,0143F_FBS2_DEPTH,OK
fbs2_source,. F.BS2.01,R53,,False,,0143F_FBS2_DEPTH,OK
fbs2_source,. F.BS2.01,R54,=SUM(R35:R52),True,0,0143F_FBS2_DEPTH,OK
r26_output,F.D.KUM.01,R26,=+'. F.BS2.01'!G54,True,0,0143F_R26_VALIDATION,MATCH
r26_output,F.D.KUM.01,S26,=+'. F.BS2.01'!H54,True,297.0443102116981,0143F_R26_VALIDATION,MATCH
r26_output,F.D.KUM.01,T26,=+'. F.BS2.01'!I54,True,0,0143F_R26_VALIDATION,MATCH
r26_output,F.D.KUM.01,U26,=+'. F.BS2.01'!J54,True,0,0143F_R26_VALIDATION,MATCH
r26_output,F.D.KUM.01,V26,=+'. F.BS2.01'!K54,True,0,0143F_R26_VALIDATION,MATCH
r26_output,F.D.KUM.01,W26,=+'. F.BS2.01'!L54,True,0,0143F_R26_VALIDATION,MATCH
r26_output,F.D.KUM.01,X26,=+'. F.BS2.01'!M54,True,0,0143F_R26_VALIDATION,MATCH
r26_output,F.D.KUM.01,Y26,=+'. F.BS2.01'!N54,True,0,0143F_R26_VALIDATION,MATCH
r26_output,F.D.KUM.01,Z26,=+'. F.BS2.01'!O54,True,0,0143F_R26_VALIDATION,MATCH
r26_output,F.D.KUM.01,AA26,=+'. F.BS2.01'!P54,True,0,0143F_R26_VALIDATION,MATCH
r26_output,F.D.KUM.01,AB26,=+'. F.BS2.01'!Q54,True,0,0143F_R26_VALIDATION,MATCH
r26_output,F.D.KUM.01,AC26,=+'. F.BS2.01'!R54,True,0,0143F_R26_VALIDATION,MATCH
