source_file,workbook_name,sheet_name,listed_description_from_inidce,exists_in_workbook,sheet_type,max_row,max_column,formula_count,formula_refs_count,formula_external_refs_count,formula_ref_errors_count,has_external_links_package,external_link_parts,sample_formulas,priority,notes
C:\01. GitHub\CloseReport\03.DATA\raw\current\calendario_costo_financiero.xlsx,calendario_costo_financiero.xlsx,Calendario Financiero ,,YES,UNKNOWN,338,63,1151,214,24,6,YES,xl/externalLinks/externalLink1.xml | xl/externalLinks/externalLink2.xml | xl/externalLinks/_rels/externalLink1.xml.rels | xl/externalLinks/_rels/externalLink2.xml.rels,W2: =SUM(N2:V2) | N3: =3067.92+2377.44+3098.88+3314.52 | N4: =3326+2405+3366+3180 | N6: =+N3*N$5 | O6: =+O3*O$5,P2,
C:\01. GitHub\CloseReport\03.DATA\raw\current\calendario_costo_financiero.xlsx,calendario_costo_financiero.xlsx,Hoja2 (2),,YES,UNKNOWN,19,41,66,0,0,0,YES,xl/externalLinks/externalLink1.xml | xl/externalLinks/externalLink2.xml | xl/externalLinks/_rels/externalLink1.xml.rels | xl/externalLinks/_rels/externalLink2.xml.rels,A3: =+K3 | G3: =+E3+F3 | L3: =(K3-J3)/30 | N3: =G3-M3 | AD3: =56+2,P2,
C:\01. GitHub\CloseReport\03.DATA\raw\current\calendario_costo_financiero.xlsx,calendario_costo_financiero.xlsx,Hoja2,,YES,UNKNOWN,44,41,170,0,0,0,YES,xl/externalLinks/externalLink1.xml | xl/externalLinks/externalLink2.xml | xl/externalLinks/_rels/externalLink1.xml.rels | xl/externalLinks/_rels/externalLink2.xml.rels,A3: =+K3 | G3: =+E3+F3 | L3: =(K3-J3)/30 | N3: =G3-M3 | AD3: =56+2,P2,
C:\01. GitHub\CloseReport\03.DATA\raw\current\calendario_costo_financiero.xlsx,calendario_costo_financiero.xlsx,Calendario Financiero Prepago,,YES,UNKNOWN,194,44,754,4,0,4,YES,xl/externalLinks/externalLink1.xml | xl/externalLinks/externalLink2.xml | xl/externalLinks/_rels/externalLink1.xml.rels | xl/externalLinks/_rels/externalLink2.xml.rels,W2: =SUM(N2:V2) | N3: =3067.92+2377.44+3098.88+3314.52 | N4: =3326+2405+3366+3180 | N6: =+N3*N$5 | O6: =+O3*O$5,P2,
C:\01. GitHub\CloseReport\03.DATA\raw\current\calendario_costo_financiero.xlsx,calendario_costo_financiero.xlsx,Analisis Nuevo Escenario,,YES,UNKNOWN,42,16,265,191,0,0,YES,xl/externalLinks/externalLink1.xml | xl/externalLinks/externalLink2.xml | xl/externalLinks/_rels/externalLink1.xml.rels | xl/externalLinks/_rels/externalLink2.xml.rels,C4: =+'Calendario Financiero Prepago'!C55 | D4: =+'Calendario Financiero Prepago'!$F$55/11 | E4: =+'Calendario Financiero Prepago'!$F$55/11 | F4: =+'Calendario Financiero Prepago'!$F$55/11 | G4: =+'Calendario Financiero Prepago'!$F$55/11,P2,
C:\01. GitHub\CloseReport\03.DATA\raw\current\calendario_costo_financiero.xlsx,calendario_costo_financiero.xlsx,Análisis Préstamo BTG,,YES,UNKNOWN,233,41,537,5,0,4,YES,xl/externalLinks/externalLink1.xml | xl/externalLinks/externalLink2.xml | xl/externalLinks/_rels/externalLink1.xml.rels | xl/externalLinks/_rels/externalLink2.xml.rels,W2: =SUM(N2:V2) | N3: =3067.92+2377.44+3098.88+3314.52 | N4: =3326+2405+3366+3180 | N6: =+N3*N$5 | O6: =+O3*O$5,P2,
C:\01. GitHub\CloseReport\03.DATA\raw\current\calendario_costo_financiero.xlsx,calendario_costo_financiero.xlsx,Calendario Costo Financiero,,YES,UNKNOWN,112,60,1470,0,0,0,YES,xl/externalLinks/externalLink1.xml | xl/externalLinks/externalLink2.xml | xl/externalLinks/_rels/externalLink1.xml.rels | xl/externalLinks/_rels/externalLink2.xml.rels,"I5: =(H5-G5)/30 | J5: =IF(EOMONTH($H5,0)=EOMONTH(J$1,0),$E5*$I5*$D5+($D5*$F5),"""") | I6: =(H6-G6)/30 | J6: =IF(EOMONTH($H6,0)=EOMONTH(J$1,0),$E6*$I6*$D6+($D6*$F6),"""") | I7: =(H7-G7)/30",P2,
C:\01. GitHub\CloseReport\03.DATA\raw\current\calendario_costo_financiero.xlsx,calendario_costo_financiero.xlsx,Devengados Mayo 26,,YES,UNKNOWN,328,62,571,10,0,6,YES,xl/externalLinks/externalLink1.xml | xl/externalLinks/externalLink2.xml | xl/externalLinks/_rels/externalLink1.xml.rels | xl/externalLinks/_rels/externalLink2.xml.rels,W2: =SUM(N2:V2) | N3: =3067.92+2377.44+3098.88+3314.52 | N4: =3326+2405+3366+3180 | N6: =+N3*N$5 | O6: =+O3*O$5,P2,
C:\01. GitHub\CloseReport\03.DATA\raw\current\calendario_costo_financiero.xlsx,calendario_costo_financiero.xlsx,Devengado ,,YES,UNKNOWN,331,65,1127,247,24,7,YES,xl/externalLinks/externalLink1.xml | xl/externalLinks/externalLink2.xml | xl/externalLinks/_rels/externalLink1.xml.rels | xl/externalLinks/_rels/externalLink2.xml.rels,W2: =SUM(N2:V2) | N3: =3067.92+2377.44+3098.88+3314.52 | N4: =3326+2405+3366+3180 | N6: =+N3*N$5 | O6: =+O3*O$5,P2,
C:\01. GitHub\CloseReport\03.DATA\raw\current\calendario_costo_financiero.xlsx,calendario_costo_financiero.xlsx,Estatus Operaciones,,YES,UNKNOWN,141,81,79,0,0,0,YES,xl/externalLinks/externalLink1.xml | xl/externalLinks/externalLink2.xml | xl/externalLinks/_rels/externalLink1.xml.rels | xl/externalLinks/_rels/externalLink2.xml.rels,AL21: =+AK76 | BF26: =+BE26*$BF$21 | BG26: =+BC26+BE26 | A27: =+A26+1 | U27: =3600,P2,
C:\01. GitHub\CloseReport\03.DATA\raw\current\calendario_costo_financiero.xlsx,calendario_costo_financiero.xlsx,Calendario Financiero Actual,,YES,UNKNOWN,80,36,280,4,0,4,YES,xl/externalLinks/externalLink1.xml | xl/externalLinks/externalLink2.xml | xl/externalLinks/_rels/externalLink1.xml.rels | xl/externalLinks/_rels/externalLink2.xml.rels,W2: =SUM(N2:V2) | N3: =3067.92+2377.44+3098.88+3314.52 | N4: =3326+2405+3366+3180 | N6: =+N3*N$5 | O6: =+O3*O$5,P2,
C:\01. GitHub\CloseReport\03.DATA\raw\current\calendario_costo_financiero.xlsx,calendario_costo_financiero.xlsx,Calendario Pago Financiero V1,,YES,UNKNOWN,54,22,203,0,0,0,YES,xl/externalLinks/externalLink1.xml | xl/externalLinks/externalLink2.xml | xl/externalLinks/_rels/externalLink1.xml.rels | xl/externalLinks/_rels/externalLink2.xml.rels,V2: =SUM(M2:U2) | M3: =3067.92+2377.44+3098.88+3314.52 | M4: =3326+2405+3366+3180 | M6: =+M3*M$5 | N6: =+N3*N$5,P2,
C:\01. GitHub\CloseReport\03.DATA\raw\current\calendario_costo_financiero.xlsx,calendario_costo_financiero.xlsx,Calendario Pago Financiero V3,,YES,UNKNOWN,56,38,226,0,0,0,YES,xl/externalLinks/externalLink1.xml | xl/externalLinks/externalLink2.xml | xl/externalLinks/_rels/externalLink1.xml.rels | xl/externalLinks/_rels/externalLink2.xml.rels,V2: =SUM(M2:U2) | M3: =3067.92+2377.44+3098.88 | M4: =3326+2405+3366 | M6: =+M3*M$5 | N6: =+N3*N$5,P2,
C:\01. GitHub\CloseReport\03.DATA\raw\current\calendario_costo_financiero.xlsx,calendario_costo_financiero.xlsx,Calendario Pago Financiero V4,,YES,UNKNOWN,55,38,221,0,0,0,YES,xl/externalLinks/externalLink1.xml | xl/externalLinks/externalLink2.xml | xl/externalLinks/_rels/externalLink1.xml.rels | xl/externalLinks/_rels/externalLink2.xml.rels,V2: =SUM(M2:U2) | M3: =3067.92+2377.44+3098.88 | M4: =3326+2405+3366 | M6: =+M3*M$5 | N6: =+N3*N$5,P2,
C:\01. GitHub\CloseReport\03.DATA\raw\current\calendario_costo_financiero.xlsx,calendario_costo_financiero.xlsx,Calendario Financiero Actua (2),,YES,UNKNOWN,94,36,262,2,0,2,YES,xl/externalLinks/externalLink1.xml | xl/externalLinks/externalLink2.xml | xl/externalLinks/_rels/externalLink1.xml.rels | xl/externalLinks/_rels/externalLink2.xml.rels,W2: =SUM(N2:V2) | N3: =3067.92+2377.44+3098.88+3314.52 | N4: =3326+2405+3366+3180 | N6: =+N3*N$5 | O6: =+O3*O$5,P2,
C:\01. GitHub\CloseReport\03.DATA\raw\current\flujo_caja_be_smart_1_proyectado_cierre_mayo_26.xlsx,flujo_caja_be_smart_1_proyectado_cierre_mayo_26.xlsx,Flujo de Caja Proyectado,,YES,UNKNOWN,206,91,5027,385,0,4,NO,,AO2: =AN2-$AV$1 | AP2: =AO2-$AV$1 | AQ2: =AP2-$AV$1 | AR2: =AQ2-$AV$1 | AS2: =AR2-$AV$1,P2,
C:\01. GitHub\CloseReport\03.DATA\raw\current\flujo_caja_be_smart_1_proyectado_cierre_mayo_26.xlsx,flujo_caja_be_smart_1_proyectado_cierre_mayo_26.xlsx,Flujo de Caja Semanal,,YES,UNKNOWN,134,63,2982,621,0,1,NO,,D1: =+'Flujo de Caja Proyectado'!U72 | L1: =+'Flujo de Caja Proyectado'!V72 | Q1: =+#REF!-Q7 | S1: =+'Flujo de Caja Proyectado'!W72 | V1: =25850+88628,P2,
C:\01. GitHub\CloseReport\03.DATA\raw\current\flujo_caja_be_smart_1_proyectado_cierre_mayo_26.xlsx,flujo_caja_be_smart_1_proyectado_cierre_mayo_26.xlsx,Hoja1,,YES,UNKNOWN,89,77,1178,35,0,0,NO,,D1: =+'Flujo de Caja Proyectado'!U72 | I1: =+'Flujo de Caja Proyectado'!V72 | M1: =+L26*37000 | N1: =+'Flujo de Caja Proyectado'!W72 | W1: =+'Flujo de Caja Proyectado'!X72,P2,
C:\01. GitHub\CloseReport\03.DATA\raw\current\flujo_caja_be_smart_1_proyectado_cierre_mayo_26.xlsx,flujo_caja_be_smart_1_proyectado_cierre_mayo_26.xlsx,Créditos Be Smart,,YES,UNKNOWN,106,51,1429,0,0,0,NO,,"D1: =EDATE(V3,2) | O4: =1.45%/12*F4*G4+(G4*I4) | Q5: =1.46%/12*F5*G5+(G5*I5) | Q6: =1.45%/12*F6*G6+(G6*I6) | R7: =1.44%/12*F7*G7+(G7*I7)",P2,
C:\01. GitHub\CloseReport\03.DATA\raw\current\flujo_caja_be_smart_1_proyectado_cierre_mayo_26.xlsx,flujo_caja_be_smart_1_proyectado_cierre_mayo_26.xlsx,Calendario Pago Financiero,,YES,UNKNOWN,74,45,473,62,0,0,NO,,M1: =+'Flujocaja Cierre Mayo 25'!AG53+'Calendario Pago Financiero'!M6 | M2: =+'Flujocaja Cierre Mayo 25'!AG6 | N2: =+'Flujocaja Cierre Mayo 25'!AH6 | O2: =+'Flujocaja Cierre Mayo 25'!AI6 | P2: =+'Flujocaja Cierre Mayo 25'!AJ6,P2,
C:\01. GitHub\CloseReport\03.DATA\raw\current\flujo_caja_be_smart_1_proyectado_cierre_mayo_26.xlsx,flujo_caja_be_smart_1_proyectado_cierre_mayo_26.xlsx,Ventas Reales Cierre Mayo,,YES,UNKNOWN,178,16378,2433,0,0,0,NO,,A1: =10.06+305.86+789.8+2843.28 | C1: =+B2/C2 | D1: =52/108 | E1: =+E2/69 | F1: =4468.03-4424,P2,
C:\01. GitHub\CloseReport\03.DATA\raw\current\flujo_caja_be_smart_1_proyectado_cierre_mayo_26.xlsx,flujo_caja_be_smart_1_proyectado_cierre_mayo_26.xlsx,Calendario Pago Financiero (2),,YES,UNKNOWN,113,54,850,151,0,2,NO,,M1: =+'Flujocaja Cierre Mayo 25'!AG53+'Calendario Pago Financiero (2)'!M6 | M2: =+'Flujocaja Cierre Mayo 25'!AG6 | N2: =+'Flujocaja Cierre Mayo 25'!AH6 | O2: =+'Flujocaja Cierre Mayo 25'!AI6 | P2: =+'Flujocaja Cierre Mayo 25'!AJ6,P2,
C:\01. GitHub\CloseReport\03.DATA\raw\current\flujo_caja_be_smart_1_proyectado_cierre_mayo_26.xlsx,flujo_caja_be_smart_1_proyectado_cierre_mayo_26.xlsx,Prestamos SN-Kumquat-BeSmart,,YES,UNKNOWN,19,43,248,0,0,0,NO,,"H2: =+G2/12 | N4: =EOMONTH(M4,1) | O4: =EOMONTH(N4,1) | P4: =EOMONTH(O4,1) | Q4: =EOMONTH(P4,1)",P2,
C:\01. GitHub\CloseReport\03.DATA\raw\current\flujo_caja_be_smart_1_proyectado_cierre_mayo_26.xlsx,flujo_caja_be_smart_1_proyectado_cierre_mayo_26.xlsx,Hoja3,,YES,UNKNOWN,52,28,716,587,0,0,NO,,C3: =+'Flujo de Caja Proyectado'!AV2 | D3: =+'Flujo de Caja Proyectado'!AW2 | E3: =+'Flujo de Caja Proyectado'!AX2 | F3: =+'Flujo de Caja Proyectado'!AY2 | G3: =+'Flujo de Caja Proyectado'!AZ2,P2,
C:\01. GitHub\CloseReport\03.DATA\raw\current\flujo_caja_be_smart_1_proyectado_cierre_mayo_26.xlsx,flujo_caja_be_smart_1_proyectado_cierre_mayo_26.xlsx,Flujocaja Cierre Mayo 25,,YES,UNKNOWN,141,94,287,0,0,0,NO,,BX8: =SUM(C8:BW8) | BX9: =SUM(C9:BW9) | AY10: =+AY8-AY9 | AZ10: =+AZ8-AZ9 | BA10: =+BA8-BA9,P2,
C:\01. GitHub\CloseReport\03.DATA\raw\current\flujo_jordan_corp.xlsx,flujo_jordan_corp.xlsx,Dolar,,YES,UNKNOWN,1386,29,3881,0,3834,0,NO,,"C2: =TEXT(Valor_Dolar[[#This Row],[Fecha]],""dddd"") | D2: =IF(Valor_Dolar[[#This Row],[Valor]]>0,YEAR(Valor_Dolar[[#This Row],[Fecha]]),"""") | E2: =IF(Valor_Dolar[[#This Row],[Valor]]>0,MONTH(Valor_Dolar[[#This Row],[Fecha]]),"""") | H2: =EOMONTH(G2,1) | I2: =EOMONTH(H2,1)",P2,
C:\01. GitHub\CloseReport\03.DATA\raw\current\flujo_jordan_corp.xlsx,flujo_jordan_corp.xlsx,Detalle pagado medici,,YES,UNKNOWN,39,26,6,0,0,0,NO,,D11: =3356+5.35 | D22: =SUM(D5:D21) | D27: =SUM(D24:D26) | D34: =SUM(D29:D33) | D36: =+D34,P2,
C:\01. GitHub\CloseReport\03.DATA\raw\current\flujo_jordan_corp.xlsx,flujo_jordan_corp.xlsx,Resumen KS Garden,,YES,UNKNOWN,28,15,27,12,0,0,NO,,H7: =26406.8371446019+100000 | I9: =SUM('Control de C. Planificado Corp'!S6:AD6) | H13: =SUM('Control de C. Planificado Corp'!F9:Q40)-H16 | I13: =SUM('Control de C. Planificado Corp'!S9:AD40)-I16 | H14: =SUM('Control de C. Planificado Corp'!F16:Q21),P2,
C:\01. GitHub\CloseReport\03.DATA\raw\current\flujo_jordan_corp.xlsx,flujo_jordan_corp.xlsx,Control de C. Planificado Corp,,YES,UNKNOWN,97,49,1170,703,0,0,NO,,"G4: =EOMONTH(F4,1) | H4: =EOMONTH(G4,1) | I4: =EOMONTH(H4,1) | J4: =EOMONTH(I4,1) | K4: =EOMONTH(J4,1)",P2,
C:\01. GitHub\CloseReport\03.DATA\raw\current\flujo_jordan_corp.xlsx,flujo_jordan_corp.xlsx,Detalle Banco,,YES,UNKNOWN,32,13,48,0,0,0,NO,,"H1: =SUBTOTAL(9,I198:I242) | I1: =SUBTOTAL(9,I3:I1048576) | I4: =+C4-D4 | J4: =YEAR(A4) | K4: =MONTH(A4)",P2,
C:\01. GitHub\CloseReport\03.DATA\raw\current\flujo_jordan_limited.xlsx,flujo_jordan_limited.xlsx,Dolar,,YES,UNKNOWN,1386,5,3894,0,3894,0,NO,,"C2: =TEXT(Valor_Dolar3[[#This Row],[Fecha]],""dddd"") | D2: =IF(Valor_Dolar3[[#This Row],[Valor]]>0,YEAR(Valor_Dolar3[[#This Row],[Fecha]]),"""") | E2: =IF(Valor_Dolar3[[#This Row],[Valor]]>0,MONTH(Valor_Dolar3[[#This Row],[Fecha]]),"""") | C3: =TEXT(Valor_Dolar3[[#This Row],[Fecha]],""dddd"") | D3: =IF(Valor_Dolar3[[#This Row],[Valor]]>0,YEAR(Valor_Dolar3[[#This Row],[Fecha]]),"""")",P2,
C:\01. GitHub\CloseReport\03.DATA\raw\current\flujo_jordan_limited.xlsx,flujo_jordan_limited.xlsx,Detalle pagado medici,,YES,UNKNOWN,39,26,6,0,0,0,NO,,D11: =3356+5.35 | D22: =SUM(D5:D21) | D27: =SUM(D24:D26) | D34: =SUM(D29:D33) | D36: =+D34,P2,
C:\01. GitHub\CloseReport\03.DATA\raw\current\flujo_jordan_limited.xlsx,flujo_jordan_limited.xlsx,Resumen KS Garden,,YES,UNKNOWN,28,15,27,12,0,0,NO,,H7: =26406.8371446019+100000 | I9: =SUM('Control de C. Planificado BVI'!S6:AD6) | H13: =SUM('Control de C. Planificado BVI'!F9:Q40)-H16 | I13: =SUM('Control de C. Planificado BVI'!S9:AD40)-I16 | H14: =SUM('Control de C. Planificado BVI'!F16:Q21),P2,
C:\01. GitHub\CloseReport\03.DATA\raw\current\flujo_jordan_limited.xlsx,flujo_jordan_limited.xlsx,Control de C. Planificado BVI,,YES,UNKNOWN,97,60,1166,703,0,0,NO,,"G4: =EOMONTH(F4,1) | H4: =EOMONTH(G4,1) | I4: =EOMONTH(H4,1) | J4: =EOMONTH(I4,1) | K4: =EOMONTH(J4,1)",P2,
C:\01. GitHub\CloseReport\03.DATA\raw\current\flujo_jordan_limited.xlsx,flujo_jordan_limited.xlsx,Detalle Banco,,YES,UNKNOWN,16,13,26,0,0,0,NO,,"H1: =SUBTOTAL(9,I197:I241) | I1: =SUBTOTAL(9,I3:I1048576) | I4: =+C4-D4 | J4: =YEAR(A4) | K4: =MONTH(A4)",P2,
C:\01. GitHub\CloseReport\03.DATA\raw\current\flujo_ks_garden.xlsx,flujo_ks_garden.xlsx,Dolar,,YES,UNKNOWN,1386,29,3881,0,3834,0,YES,xl/externalLinks/externalLink1.xml | xl/externalLinks/externalLink2.xml | xl/externalLinks/externalLink3.xml | xl/externalLinks/externalLink4.xml | xl/externalLinks/_rels/externalLink1.xml.rels | xl/externalLinks/_rels/externalLink3.xml.rels | xl/externalLinks/_rels/externalLink4.xml.rels | xl/externalLinks/_rels/externalLink2.xml.rels,"C2: =TEXT(Valor_Dolar[[#This Row],[Fecha]],""dddd"") | D2: =IF(Valor_Dolar[[#This Row],[Valor]]>0,YEAR(Valor_Dolar[[#This Row],[Fecha]]),"""") | E2: =IF(Valor_Dolar[[#This Row],[Valor]]>0,MONTH(Valor_Dolar[[#This Row],[Fecha]]),"""") | H2: =EOMONTH(G2,1) | I2: =EOMONTH(H2,1)",P2,
C:\01. GitHub\CloseReport\03.DATA\raw\current\flujo_ks_garden.xlsx,flujo_ks_garden.xlsx,Detalle pagado medici,,YES,UNKNOWN,39,26,6,0,0,0,YES,xl/externalLinks/externalLink1.xml | xl/externalLinks/externalLink2.xml | xl/externalLinks/externalLink3.xml | xl/externalLinks/externalLink4.xml | xl/externalLinks/_rels/externalLink1.xml.rels | xl/externalLinks/_rels/externalLink3.xml.rels | xl/externalLinks/_rels/externalLink4.xml.rels | xl/externalLinks/_rels/externalLink2.xml.rels,D11: =3356+5.35 | D22: =SUM(D5:D21) | D27: =SUM(D24:D26) | D34: =SUM(D29:D33) | D36: =+D34,P2,
C:\01. GitHub\CloseReport\03.DATA\raw\current\flujo_ks_garden.xlsx,flujo_ks_garden.xlsx,Resumen WL - KS Garden,,YES,UNKNOWN,28,15,27,12,0,0,YES,xl/externalLinks/externalLink1.xml | xl/externalLinks/externalLink2.xml | xl/externalLinks/externalLink3.xml | xl/externalLinks/externalLink4.xml | xl/externalLinks/_rels/externalLink1.xml.rels | xl/externalLinks/_rels/externalLink3.xml.rels | xl/externalLinks/_rels/externalLink4.xml.rels | xl/externalLinks/_rels/externalLink2.xml.rels,H7: =26406.8371446019+100000 | I9: =SUM('Control de C. Planificado KS'!S8:AD8) | H13: =+'Control de C. Planificado KS'!R17 | I13: =+'Control de C. Planificado KS'!AE17 | H14: =+'Control de C. Planificado KS'!R24,P2,
C:\01. GitHub\CloseReport\03.DATA\raw\current\flujo_ks_garden.xlsx,flujo_ks_garden.xlsx,Control de C. Planificado KS,,YES,UNKNOWN,98,60,1220,749,0,0,YES,xl/externalLinks/externalLink1.xml | xl/externalLinks/externalLink2.xml | xl/externalLinks/externalLink3.xml | xl/externalLinks/externalLink4.xml | xl/externalLinks/_rels/externalLink1.xml.rels | xl/externalLinks/_rels/externalLink3.xml.rels | xl/externalLinks/_rels/externalLink4.xml.rels | xl/externalLinks/_rels/externalLink2.xml.rels,"G4: =EOMONTH(F4,1) | H4: =EOMONTH(G4,1) | I4: =EOMONTH(H4,1) | J4: =EOMONTH(I4,1) | K4: =EOMONTH(J4,1)",P2,
C:\01. GitHub\CloseReport\03.DATA\raw\current\flujo_ks_garden.xlsx,flujo_ks_garden.xlsx,Detalle Banco,,YES,UNKNOWN,64,13,185,0,0,0,YES,xl/externalLinks/externalLink1.xml | xl/externalLinks/externalLink2.xml | xl/externalLinks/externalLink3.xml | xl/externalLinks/externalLink4.xml | xl/externalLinks/_rels/externalLink1.xml.rels | xl/externalLinks/_rels/externalLink3.xml.rels | xl/externalLinks/_rels/externalLink4.xml.rels | xl/externalLinks/_rels/externalLink2.xml.rels,"H1: =SUBTOTAL(9,I218:I262) | I1: =SUBTOTAL(9,I3:I1048576) | I4: =+C4-D4 | J4: =YEAR(A4) | K4: =MONTH(A4)",P2,
C:\01. GitHub\CloseReport\03.DATA\raw\current\flujo_ks_garden.xlsx,flujo_ks_garden.xlsx,proyeccion gastos,,YES,ANALYTIC_VIEW,19,8,7,1,0,0,YES,xl/externalLinks/externalLink1.xml | xl/externalLinks/externalLink2.xml | xl/externalLinks/externalLink3.xml | xl/externalLinks/externalLink4.xml | xl/externalLinks/_rels/externalLink1.xml.rels | xl/externalLinks/_rels/externalLink3.xml.rels | xl/externalLinks/_rels/externalLink4.xml.rels | xl/externalLinks/_rels/externalLink2.xml.rels,C2: =+'Control de C. Planificado KS'!AR46 | H4: =17602.5-H3 | H7: =SUM(H3:H6) | C8: =SUM(C4:C7) | C10: =+C2-C8,P2,
C:\01. GitHub\CloseReport\03.DATA\raw\current\flujo_ks_garden.xlsx,flujo_ks_garden.xlsx,Detalle Cuentas ,,YES,UNKNOWN,12,3,10,10,8,0,YES,xl/externalLinks/externalLink1.xml | xl/externalLinks/externalLink2.xml | xl/externalLinks/externalLink3.xml | xl/externalLinks/externalLink4.xml | xl/externalLinks/_rels/externalLink1.xml.rels | xl/externalLinks/_rels/externalLink3.xml.rels | xl/externalLinks/_rels/externalLink4.xml.rels | xl/externalLinks/_rels/externalLink2.xml.rels,B4: =+'[1]Control de C. Planificado Corp'!$D$2 | C4: =+'[1]Control de C. Planificado Corp'!$AS$43 | B6: =+'[2]Control de C. Planificado BVI'!$D$2 | C6: =+'[2]Control de C. Planificado BVI'!$AS$43 | B8: =+'Control de C. Planificado KS'!D2,P2,
C:\01. GitHub\CloseReport\03.DATA\raw\current\flujo_medici.xlsx,flujo_medici.xlsx,Dolar,,YES,UNKNOWN,1425,29,4007,0,3960,0,NO,,"C2: =TEXT(Valor_Dolar3[[#This Row],[Fecha]],""dddd"") | D2: =IF(Valor_Dolar3[[#This Row],[Valor]]>0,YEAR(Valor_Dolar3[[#This Row],[Fecha]]),"""") | E2: =IF(Valor_Dolar3[[#This Row],[Valor]]>0,MONTH(Valor_Dolar3[[#This Row],[Fecha]]),"""") | H2: =EOMONTH(G2,1) | I2: =EOMONTH(H2,1)",P2,
C:\01. GitHub\CloseReport\03.DATA\raw\current\flujo_medici.xlsx,flujo_medici.xlsx,Caja Diaria,,YES,UNKNOWN,52,1041,36520,28195,0,0,NO,,"C6: =PROPER(TEXT(AG6,""mmmm"")) | AH6: =PROPER(TEXT(BM6,""mmmm"")) | BM6: =EOMONTH(AG6,1) | BN6: =PROPER(TEXT(CR6,""mmmm"")) | CR6: =EOMONTH(BM6,1)",P2,
C:\01. GitHub\CloseReport\03.DATA\raw\current\flujo_medici.xlsx,flujo_medici.xlsx,Caja Mensual,,YES,UNKNOWN,52,38,1292,890,0,0,NO,,"D6: =EOMONTH(C6,1) | E6: =EOMONTH(D6,1) | F6: =EOMONTH(E6,1) | G6: =EOMONTH(F6,1) | H6: =EOMONTH(G6,1)",P2,
C:\01. GitHub\CloseReport\03.DATA\raw\current\flujo_medici.xlsx,flujo_medici.xlsx,Control de C. Planificado,,YES,UNKNOWN,69,59,995,705,0,0,NO,,"I3: =EOMONTH(H3,1) | J3: =EOMONTH(I3,1) | K3: =EOMONTH(J3,1) | L3: =EOMONTH(K3,1) | M3: =EOMONTH(L3,1)",P2,
C:\01. GitHub\CloseReport\03.DATA\raw\current\flujo_medici.xlsx,flujo_medici.xlsx,Howth,,YES,UNKNOWN,28,14,0,0,0,0,NO,,,P2,
C:\01. GitHub\CloseReport\03.DATA\raw\current\flujo_medici.xlsx,flujo_medici.xlsx,West,,YES,UNKNOWN,24,14,0,0,0,0,NO,,,P2,
C:\01. GitHub\CloseReport\03.DATA\raw\current\flujo_medici.xlsx,flujo_medici.xlsx,Jordan Moonlight FC,,YES,UNKNOWN,24,14,0,0,0,0,NO,,,P2,
C:\01. GitHub\CloseReport\03.DATA\raw\current\flujo_medici.xlsx,flujo_medici.xlsx,Jordan Moonlight Limited,,YES,UNKNOWN,24,14,0,0,0,0,NO,,,P2,
C:\01. GitHub\CloseReport\03.DATA\raw\current\flujo_medici.xlsx,flujo_medici.xlsx,Medici,,YES,UNKNOWN,46,14,0,0,0,0,NO,,,P2,
C:\01. GitHub\CloseReport\03.DATA\raw\current\flujo_medici.xlsx,flujo_medici.xlsx,Caja Medici,,YES,UNKNOWN,167,86,1753,1097,0,0,NO,,"D5: =EOMONTH(C5,1) | E5: =EOMONTH(D5,1) | F5: =EOMONTH(E5,1) | G5: =EOMONTH(F5,1) | H5: =EOMONTH(G5,1)",P2,
C:\01. GitHub\CloseReport\03.DATA\raw\current\flujo_medici.xlsx,flujo_medici.xlsx,Detalle Banco,,YES,UNKNOWN,314,22,1868,309,0,0,NO,,"I1: =SUBTOTAL(9,I3:I1048576) | N1: =SUBTOTAL(9,N2:N1048576) | C2: =SUBTOTAL(9,C3:C1048576) | I4: =+C4-D4 | J4: =YEAR(A4)",P2,
C:\01. GitHub\CloseReport\03.DATA\raw\current\flujo_medici.xlsx,flujo_medici.xlsx,Resumen Whispering,,YES,UNKNOWN,46,14,33,20,0,0,NO,,D5: =+'Detalle Banco'!C229+'Detalle Banco'!C251 | D6: =+'Detalle Banco'!C242 | D14: =SUM(D10:D12) | D21: =SUM(D16:D20) | D23: =+D21+D14,P2,
C:\01. GitHub\CloseReport\03.DATA\raw\current\flujo_medici.xlsx,flujo_medici.xlsx,Control de C. Planificado KS,,YES,UNKNOWN,65,71,409,146,0,0,NO,,"I3: =EOMONTH(H3,1) | J3: =EOMONTH(I3,1) | K3: =EOMONTH(J3,1) | L3: =EOMONTH(K3,1) | M3: =EOMONTH(L3,1)",P2,
C:\01. GitHub\CloseReport\03.DATA\raw\current\flujo_medici.xlsx,flujo_medici.xlsx,Hoja1,,YES,UNKNOWN,1,1,0,0,0,0,NO,,,P2,
C:\01. GitHub\CloseReport\03.DATA\raw\current\flujo_medici.xlsx,flujo_medici.xlsx,Resumen Presentacion,,YES,UNKNOWN,77,61,1103,747,0,0,NO,,"I3: =EOMONTH(H3,1) | J3: =EOMONTH(I3,1) | K3: =EOMONTH(J3,1) | L3: =EOMONTH(K3,1) | M3: =EOMONTH(L3,1)",P2,
C:\01. GitHub\CloseReport\03.DATA\raw\current\flujo_sunset_lakes.xlsx,flujo_sunset_lakes.xlsx,Dolar,,YES,UNKNOWN,1401,29,3935,0,3888,0,NO,,"C2: =TEXT(Valor_Dolar3[[#This Row],[Fecha]],""dddd"") | D2: =IF(Valor_Dolar3[[#This Row],[Valor]]>0,YEAR(Valor_Dolar3[[#This Row],[Fecha]]),"""") | E2: =IF(Valor_Dolar3[[#This Row],[Valor]]>0,MONTH(Valor_Dolar3[[#This Row],[Fecha]]),"""") | H2: =EOMONTH(G2,1) | I2: =EOMONTH(H2,1)",P2,
C:\01. GitHub\CloseReport\03.DATA\raw\current\flujo_sunset_lakes.xlsx,flujo_sunset_lakes.xlsx,Caja Diaria,,YES,UNKNOWN,83,663,7498,0,0,0,NO,,AG8: =SUM(C8:AF8) | BM8: =SUM(AI8:BL8) | CR8: =SUM(BN8:CQ8) | DX8: =SUM(CT8:DW8) | FD8: =SUM(DZ8:FC8),P2,
C:\01. GitHub\CloseReport\03.DATA\raw\current\flujo_sunset_lakes.xlsx,flujo_sunset_lakes.xlsx,Caja Consolidada,,YES,UNKNOWN,71,28,1306,1155,0,0,NO,,D7: ='Caja Diaria'!AG9 | E7: =+'Caja Diaria'!BM9 | F7: =+'Caja Diaria'!CR9 | G7: =+'Caja Diaria'!DX9 | H7: ='Caja Diaria'!FD9,P2,
C:\01. GitHub\CloseReport\03.DATA\raw\current\flujo_sunset_lakes.xlsx,flujo_sunset_lakes.xlsx,Control de C. Planificado,,YES,UNKNOWN,79,54,1591,1106,0,0,NO,,"N5: =-SUMIFS('Detalle Banco'!$I:$I,'Detalle Banco'!$L:$L,'Control de C. Planificado'!$D5,'Detalle Banco'!$J:$J,YEAR('Control de C. Planificado'!N$4),'Detalle Banco'!$K:$K,MONTH('Control de C. Planificado'!N$4),'Detalle Banco'!$G:$G,'Control de  | O5: =-SUMIFS('Detalle Banco'!$I:$I,'Detalle Banco'!$L:$L,'Control de C. Planificado'!$D5,'Detalle Banco'!$J:$J,YEAR('Control de C. Planificado'!O$4),'Detalle Banco'!$K:$K,MONTH('Control de C. Planificado'!O$4),'Detalle Banco'!$G:$G,'Control de  | P5: =-SUMIFS('Detalle Banco'!$I:$I,'Detalle Banco'!$L:$L,'Control de C. Planificado'!$D5,'Detalle Banco'!$J:$J,YEAR('Control de C. Planificado'!P$4),'Detalle Banco'!$K:$K,MONTH('Control de C. Planificado'!P$4),'Detalle Banco'!$G:$G,'Control de  | Q5: =-SUMIFS('Detalle Banco'!$I:$I,'Detalle Banco'!$L:$L,'Control de C. Planificado'!$D5,'Detalle Banco'!$J:$J,YEAR('Control de C. Planificado'!Q$4),'Detalle Banco'!$K:$K,MONTH('Control de C. Planificado'!Q$4),'Detalle Banco'!$G:$G,'Control de  | R5: =-SUMIFS('Detalle Banco'!$I:$I,'Detalle Banco'!$L:$L,'Control de C. Planificado'!$D5,'Detalle Banco'!$J:$J,YEAR('Control de C. Planificado'!R$4),'Detalle Banco'!$K:$K,MONTH('Control de C. Planificado'!R$4),'Detalle Banco'!$G:$G,'Control de ",P2,
C:\01. GitHub\CloseReport\03.DATA\raw\current\flujo_sunset_lakes.xlsx,flujo_sunset_lakes.xlsx,Detalle Banco,,YES,UNKNOWN,74,15,283,0,0,0,NO,,"I1: =SUBTOTAL(9,I2:I1048576) | I4: =+C4-D4 | J4: =YEAR(A4) | K4: =MONTH(A4) | L4: =IF(I4>0,""Egreso"",""Ingreso"")",P2,
C:\01. GitHub\CloseReport\03.DATA\raw\current\flujo_sunset_lakes.xlsx,flujo_sunset_lakes.xlsx,Hoja1,,YES,UNKNOWN,6,3,1,0,0,0,NO,,C6: =+C2+C3+C4+C5,P2,
C:\01. GitHub\CloseReport\03.DATA\raw\current\flujo_sunset_lakes.xlsx,flujo_sunset_lakes.xlsx,Resumen,,YES,UNKNOWN,59,23,51,22,0,1,NO,,T3: =+S3-R8 | S4: =+F17+T8 | S5: =+S3+S4 | S8: =+F17+T3 | T8: =+G17+G30,P2,
C:\01. GitHub\CloseReport\03.DATA\raw\current\flujo_wl_presentacion.xlsx,flujo_wl_presentacion.xlsx,Dolar,,YES,UNKNOWN,1383,29,3872,0,3825,0,NO,,"C2: =TEXT(Valor_Dolar[[#This Row],[Fecha]],""dddd"") | D2: =IF(Valor_Dolar[[#This Row],[Valor]]>0,YEAR(Valor_Dolar[[#This Row],[Fecha]]),"""") | E2: =IF(Valor_Dolar[[#This Row],[Valor]]>0,MONTH(Valor_Dolar[[#This Row],[Fecha]]),"""") | H2: =EOMONTH(G2,1) | I2: =EOMONTH(H2,1)",P2,
C:\01. GitHub\CloseReport\03.DATA\raw\current\flujo_wl_presentacion.xlsx,flujo_wl_presentacion.xlsx,Caja Diaria,,YES,UNKNOWN,52,1041,36520,28195,0,0,NO,,"C6: =PROPER(TEXT(AG6,""mmmm"")) | AH6: =PROPER(TEXT(BM6,""mmmm"")) | BM6: =EOMONTH(AG6,1) | BN6: =PROPER(TEXT(CR6,""mmmm"")) | CR6: =EOMONTH(BM6,1)",P2,
C:\01. GitHub\CloseReport\03.DATA\raw\current\flujo_wl_presentacion.xlsx,flujo_wl_presentacion.xlsx,Caja Mensual,,YES,UNKNOWN,52,38,1292,890,0,890,NO,,"D6: =EOMONTH(C6,1) | E6: =EOMONTH(D6,1) | F6: =EOMONTH(E6,1) | G6: =EOMONTH(F6,1) | H6: =EOMONTH(G6,1)",P2,
C:\01. GitHub\CloseReport\03.DATA\raw\current\flujo_wl_presentacion.xlsx,flujo_wl_presentacion.xlsx,Control de C. Planificado,,YES,UNKNOWN,69,59,995,705,0,0,NO,,"I3: =EOMONTH(H3,1) | J3: =EOMONTH(I3,1) | K3: =EOMONTH(J3,1) | L3: =EOMONTH(K3,1) | M3: =EOMONTH(L3,1)",P2,
C:\01. GitHub\CloseReport\03.DATA\raw\current\flujo_wl_presentacion.xlsx,flujo_wl_presentacion.xlsx,Howth,,YES,UNKNOWN,28,14,0,0,0,0,NO,,,P2,
C:\01. GitHub\CloseReport\03.DATA\raw\current\flujo_wl_presentacion.xlsx,flujo_wl_presentacion.xlsx,West,,YES,UNKNOWN,24,14,0,0,0,0,NO,,,P2,
C:\01. GitHub\CloseReport\03.DATA\raw\current\flujo_wl_presentacion.xlsx,flujo_wl_presentacion.xlsx,Jordan Moonlight FC,,YES,UNKNOWN,24,14,0,0,0,0,NO,,,P2,
C:\01. GitHub\CloseReport\03.DATA\raw\current\flujo_wl_presentacion.xlsx,flujo_wl_presentacion.xlsx,Jordan Moonlight Limited,,YES,UNKNOWN,24,14,0,0,0,0,NO,,,P2,
C:\01. GitHub\CloseReport\03.DATA\raw\current\flujo_wl_presentacion.xlsx,flujo_wl_presentacion.xlsx,Medici,,YES,UNKNOWN,46,14,0,0,0,0,NO,,,P2,
C:\01. GitHub\CloseReport\03.DATA\raw\current\flujo_wl_presentacion.xlsx,flujo_wl_presentacion.xlsx,Control de C. Planificado KS,,YES,UNKNOWN,65,71,409,146,0,0,NO,,"I3: =EOMONTH(H3,1) | J3: =EOMONTH(I3,1) | K3: =EOMONTH(J3,1) | L3: =EOMONTH(K3,1) | M3: =EOMONTH(L3,1)",P2,
C:\01. GitHub\CloseReport\03.DATA\raw\current\flujo_wl_presentacion.xlsx,flujo_wl_presentacion.xlsx,Caja Medici,,YES,UNKNOWN,101,73,1336,827,0,0,NO,,"D6: =EOMONTH(C6,1) | E6: =EOMONTH(D6,1) | F6: =EOMONTH(E6,1) | G6: =EOMONTH(F6,1) | H6: =EOMONTH(G6,1)",P2,
C:\01. GitHub\CloseReport\03.DATA\raw\current\flujo_wl_presentacion.xlsx,flujo_wl_presentacion.xlsx,Resumen KS Garden,,YES,UNKNOWN,56,13,25,8,0,0,NO,,D5: =+'Detalle Banco Medici '!C229+'Detalle Banco Medici '!C251 | D6: =+'Detalle Banco Medici '!C242 | D11: =3356+5.35 | D13: =SUM('Control de C. Planificado KS'!AH28:AL28) | D16: =SUM(D8:D13),P2,
C:\01. GitHub\CloseReport\03.DATA\raw\current\flujo_wl_presentacion.xlsx,flujo_wl_presentacion.xlsx,Resumen Whispering,,YES,UNKNOWN,44,14,27,17,0,0,NO,,D5: =+'Detalle Banco Medici '!C229+'Detalle Banco Medici '!C251 | D6: =+'Detalle Banco Medici '!C242 | D14: =SUM(D10:D12) | D21: =SUM(D16:D20) | D23: =+D21+D14,P2,
C:\01. GitHub\CloseReport\03.DATA\raw\current\flujo_wl_presentacion.xlsx,flujo_wl_presentacion.xlsx,Detalle Banco Medici ,,YES,UNKNOWN,323,21,1558,273,0,0,NO,,"I1: =SUBTOTAL(9,I3:I1048576) | I4: =+C4-D4 | J4: =YEAR(A4) | K4: =MONTH(A4) | L4: =IF(I4>0,""Egreso"",""Ingreso"")",P2,
C:\01. GitHub\CloseReport\03.DATA\raw\current\flujo_wl_presentacion.xlsx,flujo_wl_presentacion.xlsx,Resumen Presentacion,,YES,UNKNOWN,81,71,2299,1540,0,0,NO,,"F6: =EOMONTH(E6,1) | G6: =EOMONTH(F6,1) | H6: =EOMONTH(G6,1) | I6: =EOMONTH(H6,1) | J6: =EOMONTH(I6,1)",P2,
C:\01. GitHub\CloseReport\03.DATA\raw\current\main.xlsx,main.xlsx,Inidce,,YES,INDEX,18,11,0,0,0,0,NO,,,P0,
C:\01. GitHub\CloseReport\03.DATA\raw\current\main.xlsx,main.xlsx,Base,,YES,AUX_OR_BASE_UNKNOWN,111,15,134,0,0,0,NO,,F3: =SUM(F6:F93) | G3: =SUM(G6:G93) | F5: =300/1.19 | G5: =+F5*1.19 | G6: =+F6*1.19,P0,
C:\01. GitHub\CloseReport\03.DATA\raw\current\main.xlsx,main.xlsx,A.BS2.01,,YES,UNKNOWN,125,15,76,0,0,0,NO,,F4: =SUM(F7:F97) | G4: =SUM(G7:G97) | G6: =+F6*1.19 | G7: =+F7*1.19 | G8: =+F8*1.19,P1,
C:\01. GitHub\CloseReport\03.DATA\raw\current\main.xlsx,main.xlsx,. F.BS2.01,,YES,UNKNOWN,73,39,76,12,0,0,NO,,U35: =E35+F35+S35+T35 | U36: =E36+F36+S36+T36 | U37: =E37+F37+S37+T37 | U38: =E38+F38+S38+T38 | U39: =E39+F39+S39+T39,P1,
C:\01. GitHub\CloseReport\03.DATA\raw\current\main.xlsx,main.xlsx,. F.GBS2,,YES,UNKNOWN,76,40,26,12,0,12,NO,,E12: =#REF! | F12: =#REF! | G12: =#REF! | H12: =#REF! | I12: =#REF!,P1,
C:\01. GitHub\CloseReport\03.DATA\raw\current\main.xlsx,main.xlsx,F.CMC,,YES,REPORT_PRESENTATION,119,48,853,417,0,0,NO,,X10: =+V10*(1+0.333%) | Y10: =+W10*(1+0.333%) | Z10: =+X10*(1+0.333%) | AA10: =+Y10*(1+0.333%) | AB10: =+Z10*(1+0.333%),P0,
C:\01. GitHub\CloseReport\03.DATA\raw\current\main.xlsx,main.xlsx,BS1.CPFin,,YES,BS1_MODULE,109,39,0,0,0,0,NO,,,P1,
C:\01. GitHub\CloseReport\03.DATA\raw\current\main.xlsx,main.xlsx,BS1.FCP,,YES,BS1_MODULE,190,53,0,0,0,0,NO,,,P1,
C:\01. GitHub\CloseReport\03.DATA\raw\current\main.xlsx,main.xlsx,BS1.VR,,YES,BS1_MODULE,158,73,2358,0,0,0,NO,,A4: =10.06+305.86+789.8+2843.28 | C4: =+B5/C5 | D4: =52/108 | E4: =+E5/69 | F4: =4468.03-4424,P1,
C:\01. GitHub\CloseReport\03.DATA\raw\current\main.xlsx,main.xlsx,BS1. Rec,,YES,BS1_MODULE,105,198,2609,570,0,0,NO,,K6: =J6/219 | AI6: =+AI17*(1+E7) | AV6: ='BS1.VR'!$E$4 | A7: =+A90 | B7: =+B90,P1,
C:\01. GitHub\CloseReport\03.DATA\raw\current\main.xlsx,main.xlsx,BS1.CCF,,YES,BS1_MODULE,280,47,704,16,0,16,NO,,W2: =SUM(N2:V2) | N3: =3067.92+2377.44+3098.88+3314.52 | N4: =3326+2405+3366+3180 | F5: =+F6-F26-F27 | N5: =SUM(#REF!),P1,
C:\01. GitHub\CloseReport\03.DATA\raw\current\main.xlsx,main.xlsx,D.BB,,YES,DETAIL_OR_INTERMEDIATE,66,33,439,23,0,0,NO,,H6: =+F.CMC!F10 | I6: =+F.CMC!G10 | J6: =+F.CMC!H10 | K6: =+F.CMC!I10 | L6: =+F.CMC!J10,P1,
C:\01. GitHub\CloseReport\03.DATA\raw\current\main.xlsx,main.xlsx,Detalle Koke,,YES,UNKNOWN,66,60,1281,25,0,0,NO,,G3: =+E3/F3 | G4: =+E4/F4 | AI4: =+F.CMC!E10 | AJ4: =+F.CMC!F10 | AK4: =+F.CMC!G10,P1,
C:\01. GitHub\CloseReport\03.DATA\raw\current\main.xlsx,main.xlsx,F.CKUM,,YES,REPORT_PRESENTATION,106,55,640,367,0,0,NO,,M4: =+F.CMC!E10 | N4: =+F.CMC!F10 | O4: =+F.CMC!G10 | P4: =+F.CMC!H10 | Q4: =+F.CMC!I10,P0,
C:\01. GitHub\CloseReport\03.DATA\raw\current\main.xlsx,main.xlsx,F.D.KUM.01,,YES,DETAIL_OR_INTERMEDIATE,112,33,426,86,0,0,NO,,E3: =+F.CMC!E10 | F3: =+F.CMC!F10 | G3: =+F.CMC!G10 | H3: =+F.CMC!H10 | I3: =+F.CMC!I10,P0,
C:\01. GitHub\CloseReport\03.DATA\raw\current\main.xlsx,main.xlsx,D.KMT,,YES,DETAIL_OR_INTERMEDIATE,93,52,644,31,0,0,NO,,F6: =+F.CMC!E10 | G6: =+F.CMC!F10 | H6: =+F.CMC!G10 | I6: =+F.CMC!H10 | J6: =+F.CMC!I10,P0,
C:\01. GitHub\CloseReport\03.DATA\raw\current\main.xlsx,main.xlsx,F.D.KMT.01,,YES,DETAIL_OR_INTERMEDIATE,163,100,699,414,0,0,NO,,"Q7: =SUM(E7:P7) | E8: =SUMIFS(Bases!$L:$L,Bases!$I:$I,'F.D.KMT.01'!$C8,Bases!$M:$M,YEAR('F.D.KMT.01'!E$6),Bases!$N:$N,MONTH('F.D.KMT.01'!E$6),Bases!$J:$J,""Ingreso"") | F8: =SUMIFS(Bases!$L:$L,Bases!$I:$I,'F.D.KMT.01'!$C8,Bases!$M:$M,YEAR('F.D.KMT.01'!F$6),Bases!$N:$N,MONTH('F.D.KMT.01'!F$6),Bases!$J:$J,""Ingreso"") | G8: =SUMIFS(Bases!$L:$L,Bases!$I:$I,'F.D.KMT.01'!$C8,Bases!$M:$M,YEAR('F.D.KMT.01'!G$6),Bases!$N:$N,MONTH('F.D.KMT.01'!G$6),Bases!$J:$J,""Ingreso"") | H8: =SUMIFS(Bases!$L:$L,Bases!$I:$I,'F.D.KMT.01'!$C8,Bases!$M:$M,YEAR('F.D.KMT.01'!H$6),Bases!$N:$N,MONTH('F.D.KMT.01'!H$6),Bases!$J:$J,""Ingreso"")",P0,
C:\01. GitHub\CloseReport\03.DATA\raw\current\main.xlsx,main.xlsx,F.C.KMT,,YES,REPORT_PRESENTATION,96,59,510,305,0,0,NO,,F6: =+F.CMC!E10 | G6: =+F.CMC!F10 | H6: =+F.CMC!G10 | I6: =+F.CMC!H10 | J6: =+F.CMC!I10,P0,
C:\01. GitHub\CloseReport\03.DATA\raw\current\main.xlsx,main.xlsx,TB_UF,,YES,PARAMETER,1128,2,0,0,0,0,NO,,,P1,
C:\01. GitHub\CloseReport\03.DATA\raw\current\main.xlsx,main.xlsx,Bases,,YES,BASE_DATA,4502,15,15579,3931,0,1,NO,,"K2: =IF($J2=""Egreso"",$F2*-1,$F2) | L2: =IFERROR($K2/(VLOOKUP(B2,TB_UF!A:B,2,0)),0) | M2: =YEAR(B2) | N2: =MONTH($B2) | K3: =IF($J3=""Egreso"",$F3*-1,$F3)",P0,
C:\01. GitHub\CloseReport\03.DATA\raw\current\main.xlsx,main.xlsx,KMT ,,YES,UNKNOWN,89,26,475,84,0,0,NO,,"G6: =+G72 | T6: =SUM(H6:S6) | G7: =+G73 | H7: =SUBTOTAL(9,H8:H9)*1.19 | I7: =SUBTOTAL(9,I8:I9)*1.19",P1,
C:\01. GitHub\CloseReport\03.DATA\raw\current\main.xlsx,main.xlsx,Gastos por sociedad,,YES,ANALYTIC_VIEW,48,9,14,0,0,0,NO,,H3: =+F5-634 | I3: =+H3/(12-5) | G5: =SUM(F5:F11) | F7: =186*4 | F9: =178+60,P1,
